[
  {
    "id": "120363025095285024@g.us",
    "msg": "*ADIÓS* #numerodele# .\n\n*NADIE TE VA A EXTRAÑAR* 🤠✌️.\n\n TE LO LAVAS 😳🚨.\n\n\n----------🚨🥵✌️---------------\n\n*SUSCRIBETE*🚨\n\nhttps://m.youtube.com/channel/UCWYstC82m3ugcrSJk5Kzh0A\n\n\n.. *CRÉDITOS*:\n\nJULS MODDERS 🤠✌️"
  },
  {
    "id": "6590997206-1562136006@g.us",
    "msg": "*ADIÓS* #numerodele# .\n\n*NADIE TE VA A EXTRAÑAR* 🤠✌️.\n\n TE LO LAVAS 😳🚨.\n\n\n----------🚨🥵✌️---------------\n\n*SUSCRIBETE*🚨\n\nhttps://m.youtube.com/channel/UCWYstC82m3ugcrSJk5Kzh0A\n\n\n.. *CRÉDITOS*:\n\nJULS MODDERS 🤠✌️"
  },
  {
    "id": "120363043131030571@g.us",
    "msg": "1"
  }
]
