[
  {
    "id": "5515996057406-1622443089@g.us",
    "msg": "𝐒𝐋𝐕 𝐁𝐄𝐌-𝐕𝐈𝐍𝐃𝚯(𝐀)𝐀𝚯 𝐆𝐑𝐔𝐏𝚯:\n🏮 ⃟ ⃟𝐒𝐇𝐈𝐓𝐏𝚯𝐒𝐓♤ᵃˢᵗᵃ㍈ ⃟🏮\n𝐌𝐄𝐌𝐁𝐑𝚯:#numerodele#\n𝐏𝐑𝐄𝐅𝐈𝐗𝚯𝐒: ! & -\n𝐋𝐄𝐈𝐀 𝐀𝐒 𝐑𝐄𝐆𝐑𝐀𝐒 𝐀𝐍𝐓𝐄𝐒 𝐃𝐄 𝐅𝐀𝐙𝐄𝐑 𝐌𝐄𝐑𝐃𝐀..."
  },
  {
    "id": "120363025095285024@g.us",
    "msg": "#numerodele#  \n\n*BIENVENIDO AL GRUPO*✌️:\n #nomedogp# .\n\n*LEE LAS REGLAS PORFAVOR*🚨.\n\n🔥🔥 SUSCRÍBETE A NUESTRO CANAL DE YOUTUBE🔥🔥\n https://m.youtube.com/channel/UCWYstC82m3ugcrSJk5Kzh0A\n\n\n*CRÉDITOS*\n\n JULS MODDERS 🤠\n\n*NÚMERO*: wa.me/+13477777655"
  },
  {
    "id": "6590997206-1562136006@g.us",
    "msg": "#numerodele#  \n\n*BIENVENIDO AL GRUPO*✌️:\n #nomedogp# .\n\n*LEE LAS REGLAS PORFAVOR*🚨.\n\n🔥🔥 SUSCRÍBETE A NUESTRO CANAL DE YOUTUBE🔥🔥\n https://m.youtube.com/channel/UCWYstC82m3ugcrSJk5Kzh0A\n\n\n*CRÉDITOS*\n\n JULS MODDERS 🤠\n\n*NÚMERO*: wa.me/+13477777655"
  },
  {
    "id": "120363025515957240@g.us",
    "msg": "xd"
  }
]
