[{"jid":"5491162480909@s.whatsapp.net","wins":196,"defeats":0,"ties":41,"points":38238},{"jid":"5493425300146@s.whatsapp.net","wins":0,"defeats":0,"ties":0,"points":0},{"jid":"5493424094028@s.whatsapp.net","wins":0,"defeats":1,"ties":0,"points":0},{"jid":"5491155667251@s.whatsapp.net","wins":1,"defeats":0,"ties":0,"points":90},{"jid":"37122260334@s.whatsapp.net","wins":0,"defeats":0,"ties":2,"points":0},{"jid":"5491156141690@s.whatsapp.net","wins":1,"defeats":0,"ties":0,"points":271},{"jid":"5491122378664@s.whatsapp.net","wins":0,"defeats":0,"ties":0,"points":0}]