[{"groupId":"120363023223597130@g.us","comandos":[]},{"groupId":"5515996057406-1622443089@g.us","comandos":[]},{"groupId":"120363044851485965@g.us","comandos":[]},{"groupId":"120363024825678386@g.us","comandos":[]},{"groupId":"120363039712052044@g.us","comandos":[]},{"groupId":"120363042531519889@g.us","comandos":[]},{"groupId":"120363037977031448@g.us","comandos":[]},{"groupId":"120363040410397317@g.us","comandos":[]},{"groupId":"6590997206-1562136006@g.us","comandos":[]},{"groupId":"573144559454-1610830066@g.us","comandos":[]},{"groupId":"573133719739-1623541648@g.us","comandos":[]},{"groupId":"120363025095285024@g.us","comandos":[]},{"groupId":"120363041578351982@g.us","comandos":[]},{"groupId":"120363026354278513@g.us","comandos":["play","play2","fotobot"]},{"groupId":"120363023153123840@g.us","comandos":["play","hentai","😈𝐏𝐑𝐎𝐗𝐈𝐌𝐎😈"]},{"groupId":"120363024437456991@g.us","comandos":[]},{"groupId":"120363043643170669@g.us","comandos":[]},{"groupId":"120363042577977757@g.us","comandos":[]},{"groupId":"120363043180264662@g.us","comandos":[]},{"groupId":"120363024047346700@g.us","comandos":[]},{"groupId":"120363026169815782@g.us","comandos":[]},{"groupId":"120363042532369038@g.us","comandos":[]},{"groupId":"120363041344395087@g.us","comandos":[]},{"groupId":"120363025515957240@g.us","comandos":[]},{"groupId":"120363047526360055@g.us","comandos":[]},{"groupId":"120363043165304022@g.us","comandos":[]},{"groupId":"120363044279960309@g.us","comandos":[]},{"groupId":"120363043409786266@g.us","comandos":["😈","😈\\x20𝐏𝐑𝚯𝐗𝐈𝐌𝚯\\x20😈"]},{"groupId":"34607210900-1403018270@g.us","comandos":[]},{"groupId":"56966019897-1617802260@g.us","comandos":[]},{"groupId":"120363042984626564@g.us","comandos":[]},{"groupId":"120363042114552058@g.us","comandos":[]},{"groupId":"120363022160638421@g.us","comandos":[]},{"groupId":"120363041926442743@g.us","comandos":[]},{"groupId":"120363045196962940@g.us","comandos":[]},{"groupId":"120363026706021255@g.us","comandos":[]},{"groupId":"120363027733313145@g.us","comandos":[]},{"groupId":"120363027052787456@g.us","comandos":[]},{"groupId":"120363041630614614@g.us","comandos":[]},{"groupId":"120363023609276097@g.us","comandos":[]},{"groupId":"120363045278626832@g.us","comandos":[]},{"groupId":"120363044858636474@g.us","comandos":[]},{"groupId":"18095578116-1620608535@g.us","comandos":[]},{"groupId":"120363043131030571@g.us","comandos":[]}]