[{"id":"","xp":1197142,"level":8},{"id":"5515996057406@s.whatsapp.net","xp":45390,"level":4},{"id":"5517991965560@s.whatsapp.net","xp":27647,"level":3},{"id":"5511959051472@s.whatsapp.net","xp":3522,"level":1},{"id":"553891609275@s.whatsapp.net","xp":1005,"level":1},{"id":"5491162480909@s.whatsapp.net","xp":795265,"level":99999999969},{"id":"5493425300146@s.whatsapp.net","xp":271466,"level":6},{"id":"5491138220961@s.whatsapp.net","xp":574137,"level":7},{"id":"5491140301885@s.whatsapp.net","xp":147309,"level":5},{"id":"5492325652184@s.whatsapp.net","xp":474173,"level":7},{"id":"5493425300146:9@s.whatsapp.net","xp":11082,"level":2},{"id":"5493424094028@s.whatsapp.net","xp":248588,"level":6},{"id":"5215610005775@s.whatsapp.net","xp":31793,"level":3},{"id":"5491130151651@s.whatsapp.net","xp":232576,"level":6},{"id":"5491155667251@s.whatsapp.net","xp":35910,"level":4},{"id":"5491125356105@s.whatsapp.net","xp":111489,"level":5},{"id":"5491124790445@s.whatsapp.net","xp":10093,"level":2},{"id":"5491130151651:1@s.whatsapp.net","xp":90333,"level":5},{"id":"5491144206786@s.whatsapp.net","xp":7077,"level":2},{"id":"5493425300146:10@s.whatsapp.net","xp":8546,"level":2},{"id":"5491156141690@s.whatsapp.net","xp":83369,"level":5},{"id":"5491162440745@s.whatsapp.net","xp":34733,"level":3},{"id":"5215610007790@s.whatsapp.net","xp":2521,"level":1},{"id":"5491160043770@s.whatsapp.net","xp":186734,"level":6},{"id":"5491127984309@s.whatsapp.net","xp":1002,"level":1},{"id":"37122260334@s.whatsapp.net","xp":-99839098,"level":9999999999},{"id":"17879449963@s.whatsapp.net","xp":509,"level":1},{"id":"51975243914@s.whatsapp.net","xp":1512,"level":1},{"id":"18496519969@s.whatsapp.net","xp":1525,"level":1},{"id":"5219934600731@s.whatsapp.net","xp":332441,"level":9999999981},{"id":"50761644892@s.whatsapp.net","xp":42374,"level":4},{"id":"5217714832523@s.whatsapp.net","xp":1014,"level":1},{"id":"5215513623163@s.whatsapp.net","xp":3023,"level":1},{"id":"5215634158616@s.whatsapp.net","xp":54472,"level":4},{"id":"5356815027@s.whatsapp.net","xp":206759,"level":6},{"id":"529934600731@s.whatsapp.net","xp":508,"level":9},{"id":"56998317575@s.whatsapp.net","xp":276346,"level":6},{"id":"5214751088886@s.whatsapp.net","xp":43905,"level":4},{"id":"34631732342@s.whatsapp.net","xp":1012,"level":1},{"id":"5216121511741@s.whatsapp.net","xp":92309,"level":5},{"id":"5213241144783@s.whatsapp.net","xp":1013,"level":1},{"id":"34643151043@s.whatsapp.net","xp":9062,"level":2},{"id":"593992882201@s.whatsapp.net","xp":80708,"level":5},{"id":"50248855521@s.whatsapp.net","xp":3534,"level":1},{"id":"56976978102@s.whatsapp.net","xp":7065,"level":2},{"id":"584121939219@s.whatsapp.net","xp":14610,"level":2},{"id":"584144942260@s.whatsapp.net","xp":505,"level":1},{"id":"50686281347@s.whatsapp.net","xp":1013,"level":1},{"id":"5214621911172@s.whatsapp.net","xp":504,"level":1},{"id":"50768102019@s.whatsapp.net","xp":88272,"level":5},{"id":"56956347115@s.whatsapp.net","xp":1006,"level":1},{"id":"51938208684@s.whatsapp.net","xp":2011,"level":1},{"id":"56922108442@s.whatsapp.net","xp":69515,"level":4},{"id":"5219514483134@s.whatsapp.net","xp":502,"level":1},{"id":"5215544770533@s.whatsapp.net","xp":1017,"level":1},{"id":"51959796206@s.whatsapp.net","xp":505,"level":1},{"id":"56979939900@s.whatsapp.net","xp":506,"level":1},{"id":"51921775423@s.whatsapp.net","xp":502,"level":1},{"id":"5212711629689@s.whatsapp.net","xp":504,"level":1},{"id":"5215545534100@s.whatsapp.net","xp":503,"level":1},{"id":"393311269765@s.whatsapp.net","xp":74666,"level":4},{"id":"56987241143@s.whatsapp.net","xp":505,"level":1},{"id":"5492236631114@s.whatsapp.net","xp":508,"level":1},{"id":"56955373946@s.whatsapp.net","xp":2018,"level":1},{"id":"56965259218@s.whatsapp.net","xp":24728,"level":3},{"id":"5491133273808@s.whatsapp.net","xp":9601,"level":2},{"id":"51940579281@s.whatsapp.net","xp":503,"level":1},{"id":"56966234715@s.whatsapp.net","xp":509,"level":1},{"id":"59176787171@s.whatsapp.net","xp":507,"level":1},{"id":"34696909662@s.whatsapp.net","xp":502,"level":1},{"id":"59168620191@s.whatsapp.net","xp":507,"level":1},{"id":"56954192658@s.whatsapp.net","xp":501,"level":1},{"id":"584143756391@s.whatsapp.net","xp":1503,"level":1},{"id":"5492915204879@s.whatsapp.net","xp":506,"level":1},{"id":"5493718562772@s.whatsapp.net","xp":503,"level":1},{"id":"5491159929486@s.whatsapp.net","xp":8091,"level":2},{"id":"5492966641625@s.whatsapp.net","xp":163454,"level":6},{"id":"5491159309954@s.whatsapp.net","xp":506,"level":1},{"id":"59173460044@s.whatsapp.net","xp":5043,"level":2},{"id":"5491160514011@s.whatsapp.net","xp":1525,"level":1},{"id":"593998181795@s.whatsapp.net","xp":11601,"level":2},{"id":"5493586028704@s.whatsapp.net","xp":509,"level":1},{"id":"18623624451@s.whatsapp.net","xp":508,"level":1},{"id":"17622212932@s.whatsapp.net","xp":65612,"level":4},{"id":"17623090082@s.whatsapp.net","xp":22184,"level":3},{"id":"12495066104@s.whatsapp.net","xp":7565,"level":2},{"id":"13346059298@s.whatsapp.net","xp":16138,"level":3},{"id":"5218334630610@s.whatsapp.net","xp":509,"level":1},{"id":"56972516732@s.whatsapp.net","xp":1518,"level":1},{"id":"4915252078214@s.whatsapp.net","xp":43918,"level":4},{"id":"5215533560081@s.whatsapp.net","xp":133723,"level":5},{"id":"5212215179639@s.whatsapp.net","xp":4538,"level":1},{"id":"51959796206:5@s.whatsapp.net","xp":509,"level":1},{"id":"34627997437@s.whatsapp.net","xp":2017,"level":1},{"id":"5214522047437@s.whatsapp.net","xp":31312,"level":3},{"id":"50763446022@s.whatsapp.net","xp":9100,"level":2},{"id":"5491135664254@s.whatsapp.net","xp":1508,"level":1},{"id":"51972141372@s.whatsapp.net","xp":54506,"level":4},{"id":"56956497288@s.whatsapp.net","xp":218464,"level":6},{"id":"573145117179@s.whatsapp.net","xp":6059,"level":2},{"id":"5491132155279@s.whatsapp.net","xp":1007,"level":1},{"id":"59896375448@s.whatsapp.net","xp":1519,"level":1},{"id":"5493442569668@s.whatsapp.net","xp":509,"level":1},{"id":"5492615950867@s.whatsapp.net","xp":2025,"level":1},{"id":"5493547677211@s.whatsapp.net","xp":501,"level":1},{"id":"5493534251516@s.whatsapp.net","xp":1517,"level":1},{"id":"56982655207@s.whatsapp.net","xp":2025,"level":1},{"id":"51934319839@s.whatsapp.net","xp":14133,"level":2},{"id":"5493624057859@s.whatsapp.net","xp":1515,"level":1},{"id":"5493412620357@s.whatsapp.net","xp":31255,"level":3},{"id":"573202228835@s.whatsapp.net","xp":508,"level":1},{"id":"5491122378664@s.whatsapp.net","xp":18638,"level":2},{"id":"50763686471@s.whatsapp.net","xp":20160,"level":3},{"id":"14696740737@s.whatsapp.net","xp":1006,"level":1},{"id":"50763686471:19@s.whatsapp.net","xp":6568,"level":2},{"id":"59165937226@s.whatsapp.net","xp":2015,"level":1},{"id":"56984677729@s.whatsapp.net","xp":501,"level":1},{"id":"5491133273808:23@s.whatsapp.net","xp":6563,"level":2},{"id":"51972164555@s.whatsapp.net","xp":1015,"level":1}]