{
	"linklogos": "https://telegra.ph/file/204c6454dbcb3a3935cb5.jpg",
	"imgnazista": "https://telegra.ph/file/4f4e2285db89c92c887df.jpg",
	"imggay": "https://telegra.ph/file/2b95fc35c3b342454ca8b.jpg",
	"imgcorno": "https://telegra.ph/file/b0364db248512b6edd836.jpg",
	"imggostosa": "https://telegra.ph/file/a621ca8ec607b7dca6310.jpg",
	"imggostoso": "https://telegra.ph/file/2bd36e4badc84a873bf37.jpg",
	"imgfeio": "https://telegra.ph/file/f5cabc1dcd56d7c064527.jpg",
	"imggado": "https://telegra.ph/file/90df8451397581c0511b5.jpg",
	"imgvesgo": "https://telegra.ph/file/ecdd0315819a8cc2fe3c1.jpg",
	"imgbebado": "https://telegra.ph/file/4c1fae55385ef62edffeb.jpg",
	"tapacmd": "https://telegra.ph/file/5ad0bf0b8a6314ca2067d.mp4",
	"matarcmd": "https://telegra.ph/file/9ccc9b95e86a6ac7c9760.mp4",
	"beijocmd": "https://telegra.ph/file/1f9982854d665cffbd97f.mp4",
	"chutecmd": "https://telegra.ph/file/0bc985718a4433bc43ac5.mp4",
	"fundo2": "https://telegra.ph/file/204c6454dbcb3a3935cb5.jpg",
	"fundo1": "https://telegra.ph/file/bb9db613249b1f11829fe.jpg",
	"cdd": "480000",
	"crtt": "𝐉𝐎𝐆𝐎 𝐃𝐀 𝐕𝐄𝐋𝐇𝐀",
	"forwarding": false,
	"banChats": true,
	"dono1": "5491162480909",
	"dono2": "525610005775",
	"dono3": "5493424094028",
	"dono4": ".",
	"dono5": ".",
	"dono6": "."
}